{
  "project_info": {
    "project_number": "164470656796",
    "project_id": "mhike-f4190",
    "storage_bucket": "mhike-f4190.firebasestorage.app"
  },
  "client": [
    {
      "client_info": {
        "mobilesdk_app_id": "1:164470656796:android:493d7b0c72b7b44b5d34d9",
        "android_client_info": {
          "package_name": "com.example.mhike"
        }
      },
      "oauth_client": [],
      "api_key": [
        {
          "current_key": "AIzaSyCEfDaPp-k9IjaLOwz2AWZVuShCzWA5sAw"
        }
      ],
      "services": {
        "appinvite_service": {
          "other_platform_oauth_client": []
        }
      }
    }
  ],
  "configuration_version": "1"
}